{
  "project_info": {
    "project_number": "674448041575",
    "project_id": "memorylog-292d6",
    "storage_bucket": "memorylog-292d6.firebasestorage.app"
  },
  "client": [
    {
      "client_info": {
        "mobilesdk_app_id": "1:674448041575:android:febbd4cbe5a299a5d356c2",
        "android_client_info": {
          "package_name": "uk.ac.tees.mad.memorylog"
        }
      },
      "oauth_client": [],
      "api_key": [
        {
          "current_key": "AIzaSyAcY3zO0ZHI8F9h9CUA83KSQOFrEhKcTPs"
        }
      ],
      "services": {
        "appinvite_service": {
          "other_platform_oauth_client": []
        }
      }
    }
  ],
  "configuration_version": "1"
}